"","taxa","category","site"
"1","Acidobacteria; Aminicenantia; Aminicenantales","fluid","D1"
"2","Acidobacteria; Holophagae; Subgroup 7","only_glass","D1"
"3","Acidobacteria; Subgroup 22","fluid","D1"
"4","Acidobacteria; Thermoanaerobaculia; Thermoanaerobaculales; Thermoanaerobaculaceae","fluid","D1"
"5","Actinobacteria; Actinobacteria; Corynebacteriales; Nocardiaceae","fluid","D1"
"6","Actinobacteria; Actinobacteria; Frankiales; Sporichthyaceae","fluid","D1"
"7","Actinobacteria; Actinobacteria; Micrococcales; Intrasporangiaceae","fluid","D1"
"8","Actinobacteria; Coriobacteriia; FS118-23B-02","fluid","D1"
"9","Actinobacteria; RBG-16-55-12","fluid","D1"
"10","Actinobacteria; RBG-16-55-12; uncultured bacterium; uncultured bacterium","fluid","D1"
"11","Bacteria","fluid","D1"
"12","Bacteroidetes; Bacteroidia; Bacteroidales; Bacteroidetes BD2-2","fluid","D1"
"13","Bacteroidetes; Bacteroidia; Bacteroidales; Prolixibacteraceae","fluid","D1"
"14","Bacteroidetes; Bacteroidia; Bacteroidales; Rikenellaceae","fluid","D1"
"15","Bacteroidetes; Bacteroidia; Chitinophagales; Chitinophagaceae","fluid","D1"
"16","Bacteroidetes; Bacteroidia; Flavobacteriales; Crocinitomicaceae","fluid","D1"
"17","Bacteroidetes; Bacteroidia; Sphingobacteriales","fluid","D1"
"18","Bacteroidetes; Bacteroidia; Sphingobacteriales; Lentimicrobiaceae","fluid","D1"
"19","Bacteroidetes; Ignavibacteria; Ignavibacteriales","fluid","D1"
"20","Bacteroidetes; Ignavibacteria; Ignavibacteriales; BSN166","fluid","D1"
"21","Bacteroidetes; Ignavibacteria; OPB56","fluid","D1"
"22","BRC1","fluid","D1"
"23","Chlamydiae; Chlamydiae; Chlamydiales","fluid","D1"
"24","Chlamydiae; Chlamydiae; Chlamydiales; cvE6","fluid","D1"
"25","Chlamydiae; Chlamydiae; Chlamydiales; Parachlamydiaceae","fluid","D1"
"26","Chloroflexi; Anaerolineae; RBG-13-54-9; uncultured bacterium","fluid","D1"
"27","Chloroflexi; Dehalococcoidia","fluid","D1"
"28","Chloroflexi; Dehalococcoidia; GIF9","fluid","D1"
"29","Chloroflexi; Dehalococcoidia; GIF9; uncultured bacterium","fluid","D1"
"30","Chloroflexi; Dehalococcoidia; H3.93","fluid","D1"
"31","Chloroflexi; Dehalococcoidia; MSBL5; uncultured bacterium","fluid","D1"
"32","Chloroflexi; Dehalococcoidia; S085; uncultured bacterium","fluid","D1"
"33","Chloroflexi; Dehalococcoidia; SAR202 clade","fluid","D1"
"34","Chloroflexi; Dehalococcoidia; SAR202 clade; uncultured bacterium","fluid","D1"
"35","Chloroflexi; Dehalococcoidia; Sh765B-AG-111; uncultured bacterium","fluid","D1"
"36","Chloroflexi; TK10","fluid","D1"
"37","Crenarchaeota; Bathyarchaeia","fluid","D1"
"38","Crenarchaeota; Bathyarchaeia; uncultured archaeon; uncultured archaeon","fluid","D1"
"39","Cyanobacteria; Melainabacteria; Caenarcaniphilales; uncultured bacterium","fluid","D1"
"40","Cyanobacteria; Melainabacteria; Obscuribacterales","fluid","D1"
"41","Dependentiae; Babeliae; Babeliales","fluid","D1"
"42","Desantisbacteria; Candidatus Desantisbacteria bacterium CG1_02_49_89; Candidatus Desantisbacteria bacterium CG1_02_49_89; Candidatus Desantisbacteria bacterium CG1_02_49_89","fluid","D1"
"43","Diapherotrites; Iainarchaeia; Iainarchaeales","fluid","D1"
"44","Diapherotrites; Iainarchaeia; Iainarchaeales; Diapherotrites archaeon SCGC AAA011-K09","fluid","D1"
"45","Diapherotrites; Iainarchaeia; Iainarchaeales; uncultured archaeon","fluid","D1"
"46","Diapherotrites; Iainarchaeia; uncultured archaeon; uncultured archaeon","fluid","D1"
"47","Diapherotrites; Micrarchaeia","fluid","D1"
"48","Diapherotrites; Micrarchaeia; uncultured archaeon; uncultured archaeon","fluid","D1"
"49","Diapherotrites; Micrarchaeia; uncultured euryarchaeote; uncultured euryarchaeote","fluid","D1"
"50","Elusimicrobia; Elusimicrobia; Lineage IV","fluid","D1"
"51","Elusimicrobia; Elusimicrobia; Lineage IV; uncultured bacterium","fluid","D1"
"52","Elusimicrobia; Lineage IIc","fluid","D1"
"53","Elusimicrobia; Lineage IIc; Elusimicrobia bacterium RIFOXYA2_FULL_39_19; Elusimicrobia bacterium RIFOXYA2_FULL_39_19","fluid","D1"
"54","Elusimicrobia; Rs-M47; uncultured bacterium; uncultured bacterium","fluid","D1"
"55","Euryarchaeota; Methanobacteria; Methanobacteriales; Methanobacteriaceae","fluid","D1"
"56","Euryarchaeota; Methanomicrobia; Methanosarcinales; Methanoperedenaceae","fluid","D1"
"57","Euryarchaeota; Thermoplasmata; Marine Group II","fluid","D1"
"58","Euryarchaeota; Thermoplasmata; Methanomassiliicoccales; uncultured","fluid","D1"
"59","Euryarchaeota; Thermoplasmata; uncultured; uncultured archaeon","fluid","D1"
"60","Fibrobacteres; Fibrobacteria; Fibrobacterales; Candidatus Raymondbacteria","fluid","D1"
"61","Firestonebacteria","fluid","D1"
"62","Firmicutes","fluid","D1"
"63","Firmicutes; Clostridia; Clostridiales; Gracilibacteraceae","fluid","D1"
"64","Firmicutes; Clostridia; Clostridiales; Peptococcaceae","fluid","D1"
"65","Gemmatimonadetes; Gemmatimonadetes; Gemmatimonadales; Gemmatimonadaceae","fluid","D1"
"66","Hydrothermarchaeota","fluid","D1"
"67","Kiritimatiellaeota; Kiritimatiellae; WCHB1-41","fluid","D1"
"68","Latescibacteria; Latescibacteria; Latescibacterales; Latescibacteraceae","fluid","D1"
"69","LCP-89; uncultured bacterium; uncultured bacterium; uncultured bacterium","fluid","D1"
"70","Lentisphaerae; Lentisphaeria; Victivallales","fluid","D1"
"71","Lentisphaerae; Lentisphaeria; Victivallales; GWF2-44-16","fluid","D1"
"72","Lentisphaerae; Lentisphaeria; Victivallales; PRD18C08","fluid","D1"
"73","Nanoarchaeaeota; Nanohaloarchaeia; Aenigmarchaeales; uncultured archaeon","fluid","D1"
"74","Nanoarchaeaeota; Nanohaloarchaeia; Deep Sea Euryarchaeotic Group(DSEG); uncultured archaeon","fluid","D1"
"75","Nanoarchaeaeota; Woesearchaeia","fluid","D1"
"76","Nanoarchaeaeota; Woesearchaeia; Ambiguous_taxa; Ambiguous_taxa; Ambiguous_taxa; Ambiguous_taxa","fluid","D1"
"77","Nanoarchaeaeota; Woesearchaeia; archaeon GW2011_AR18; archaeon GW2011_AR18","fluid","D1"
"78","Nanoarchaeaeota; Woesearchaeia; Candidatus Diapherotrites archaeon ADurb.Bin253; Candidatus Diapherotrites archaeon ADurb.Bin253","fluid","D1"
"79","Nanoarchaeaeota; Woesearchaeia; Candidatus Pacearchaeota archaeon RBG_19FT_COMBO_34_9; Candidatus Pacearchaeota archaeon RBG_19FT_COMBO_34_9","fluid","D1"
"80","Nanoarchaeaeota; Woesearchaeia; Nanoarchaeota archaeon SCGC AAA011-D5; Nanoarchaeota archaeon SCGC AAA011-D5","fluid","D1"
"81","Nanoarchaeaeota; Woesearchaeia; uncultured archaeon; uncultured archaeon","fluid","D1"
"82","Nanoarchaeaeota; Woesearchaeia; uncultured euryarchaeote; uncultured euryarchaeote","fluid","D1"
"83","Nitrospirae; 4-29-1; uncultured bacterium; uncultured bacterium","fluid","D1"
"84","Nitrospirae; Nitrospira; Nitrospirales; Nitrospiraceae","fluid","D1"
"85","Nitrospirae; Thermodesulfovibrionia; uncultured","fluid","D1"
"86","Nitrospirae; Thermodesulfovibrionia; uncultured; uncultured bacterium","not_glass","D1"
"87","Omnitrophicaeota","fluid","D1"
"88","Omnitrophicaeota; Ambiguous_taxa; Ambiguous_taxa; Ambiguous_taxa; Ambiguous_taxa; Ambiguous_taxa","fluid","D1"
"89","Omnitrophicaeota; Omnitrophia; Omnitrophales; Omnitrophaceae","fluid","D1"
"90","Omnitrophicaeota; Omnitrophica WOR_2 bacterium RIFCSPLOWO2_12_FULL_51_24; Omnitrophica WOR_2 bacterium RIFCSPLOWO2_12_FULL_51_24; Omnitrophica WOR_2 bacterium RIFCSPLOWO2_12_FULL_51_24","fluid","D1"
"91","Omnitrophicaeota; uncultured bacterium; uncultured bacterium; uncultured bacterium","fluid","D1"
"92","Omnitrophicaeota; uncultured Verrucomicrobia bacterium; uncultured Verrucomicrobia bacterium; uncultured Verrucomicrobia bacterium","fluid","D1"
"93","Patescibacteria; ABY1; Candidatus Buchananbacteria","fluid","D1"
"94","Patescibacteria; ABY1; Candidatus Buchananbacteria; Parcubacteria group bacterium GW2011_GWA2_38_13","fluid","D1"
"95","Patescibacteria; ABY1; Candidatus Buchananbacteria; uncultured bacterium","fluid","D1"
"96","Patescibacteria; ABY1; Candidatus Falkowbacteria","fluid","D1"
"97","Patescibacteria; ABY1; Candidatus Falkowbacteria; uncultured bacterium","fluid","D1"
"98","Patescibacteria; ABY1; Candidatus Kerfeldbacteria","fluid","D1"
"99","Patescibacteria; ABY1; Candidatus Kerfeldbacteria; uncultured bacterium","fluid","D1"
"100","Patescibacteria; ABY1; Candidatus Komeilibacteria","fluid","D1"
"101","Patescibacteria; ABY1; Candidatus Komeilibacteria; Parcubacteria group bacterium GW2011_GWF2_45_11","fluid","D1"
"102","Patescibacteria; ABY1; Candidatus Kuenenbacteria","fluid","D1"
"103","Patescibacteria; ABY1; Candidatus Magasanikbacteria","fluid","D1"
"104","Patescibacteria; ABY1; Candidatus Magasanikbacteria; Candidatus Magasanikbacteria bacterium GW2011_GWC2_45_8","fluid","D1"
"105","Patescibacteria; ABY1; Candidatus Magasanikbacteria; Candidatus Magasanikbacteria bacterium RIFCSPHIGHO2_12_FULL_41_16","fluid","D1"
"106","Patescibacteria; ABY1; Candidatus Magasanikbacteria; Candidatus Magasanikbacteria bacterium RIFOXYD2_FULL_36_9","fluid","D1"
"107","Patescibacteria; ABY1; Candidatus Magasanikbacteria; Candidatus Uhrbacteria bacterium RIFCSPHIGHO2_12_FULL_60_25","fluid","D1"
"108","Patescibacteria; ABY1; Candidatus Magasanikbacteria; uncultured bacterium","fluid","D1"
"109","Patescibacteria; ABY1; Candidatus Magasanikbacteria; uncultured Parcubacteria group bacterium","fluid","D1"
"110","Patescibacteria; ABY1; Candidatus Uhrbacteria","fluid","D1"
"111","Patescibacteria; Berkelbacteria","fluid","D1"
"112","Patescibacteria; Berkelbacteria; candidate division WS2 bacterium ADurb.Bin280; candidate division WS2 bacterium ADurb.Bin280","fluid","D1"
"113","Patescibacteria; Berkelbacteria; uncultured bacterium; uncultured bacterium","fluid","D1"
"114","Patescibacteria; CPR2; uncultured bacterium; uncultured bacterium","fluid","D1"
"115","Patescibacteria; Gracilibacteria; Candidatus Peregrinibacteria","fluid","D1"
"116","Patescibacteria; Gracilibacteria; Candidatus Peregrinibacteria; Candidatus Peregrinibacteria bacterium RIFOXYB2_FULL_41_88","fluid","D1"
"117","Patescibacteria; Gracilibacteria; Candidatus Peregrinibacteria; uncultured bacterium","fluid","D1"
"118","Patescibacteria; Gracilibacteria; Candidatus Peregrinibacteria; uncultured marine bacterium","fluid","D1"
"119","Patescibacteria; Gracilibacteria; Candidatus Peribacteria","fluid","D1"
"120","Patescibacteria; Microgenomatia; Candidatus Amesbacteria; Candidatus Amesbacteria bacterium GW2011_GWA2_42_12","fluid","D1"
"121","Patescibacteria; Microgenomatia; Candidatus Amesbacteria; Microgenomates bacterium SCGC AAA011-B20","fluid","D1"
"122","Patescibacteria; Microgenomatia; Candidatus Beckwithbacteria; uncultured bacterium","fluid","D1"
"123","Patescibacteria; Microgenomatia; Candidatus Collierbacteria","fluid","D1"
"124","Patescibacteria; Microgenomatia; Candidatus Curtissbacteria; uncultured bacterium","fluid","D1"
"125","Patescibacteria; Microgenomatia; Candidatus Daviesbacteria","fluid","D1"
"126","Patescibacteria; Microgenomatia; Candidatus Daviesbacteria; uncultured bacterium","fluid","D1"
"127","Patescibacteria; Microgenomatia; Candidatus Daviesbacteria; uncultured Microgenomates group bacterium","fluid","D1"
"128","Patescibacteria; Microgenomatia; Candidatus Gottesmanbacteria","fluid","D1"
"129","Patescibacteria; Microgenomatia; Candidatus Levybacteria","fluid","D1"
"130","Patescibacteria; Microgenomatia; Candidatus Roizmanbacteria; uncultured bacterium","fluid","D1"
"131","Patescibacteria; Microgenomatia; Candidatus Shapirobacteria","fluid","D1"
"132","Patescibacteria; Microgenomatia; Candidatus Woesebacteria","fluid","D1"
"133","Patescibacteria; Microgenomatia; Candidatus Woesebacteria; Ambiguous_taxa; Ambiguous_taxa; Ambiguous_taxa","fluid","D1"
"134","Patescibacteria; Microgenomatia; Candidatus Woesebacteria; Candidatus Woesebacteria bacterium RBG_13_46_13","fluid","D1"
"135","Patescibacteria; Microgenomatia; Candidatus Woesebacteria; Candidatus Woesebacteria bacterium RBG_19FT_COMBO_42_9","fluid","D1"
"136","Patescibacteria; Microgenomatia; Candidatus Woesebacteria; metagenome","fluid","D1"
"137","Patescibacteria; Microgenomatia; Candidatus Woykebacteria; Candidatus Woykebacteria bacterium RBG_13_40_7b","fluid","D1"
"138","Patescibacteria; Parcubacteria","fluid","D1"
"139","Patescibacteria; Parcubacteria; Candidatus Azambacteria","fluid","D1"
"140","Patescibacteria; Parcubacteria; Candidatus Azambacteria; Ambiguous_taxa; Ambiguous_taxa; Ambiguous_taxa","fluid","D1"
"141","Patescibacteria; Parcubacteria; Candidatus Azambacteria; uncultured bacterium","fluid","D1"
"142","Patescibacteria; Parcubacteria; Candidatus Colwellbacteria","fluid","D1"
"143","Patescibacteria; Parcubacteria; Candidatus Colwellbacteria; Ambiguous_taxa; Ambiguous_taxa; Ambiguous_taxa","fluid","D1"
"144","Patescibacteria; Parcubacteria; Candidatus Jorgensenbacteria; Candidatus Adlerbacteria bacterium GW2011_GWC1_50_9","fluid","D1"
"145","Patescibacteria; Parcubacteria; Candidatus Kaiserbacteria","fluid","D1"
"146","Patescibacteria; Parcubacteria; Candidatus Kaiserbacteria; metagenome","fluid","D1"
"147","Patescibacteria; Parcubacteria; Candidatus Liptonbacteria","fluid","D1"
"148","Patescibacteria; Parcubacteria; Candidatus Lloydbacteria","fluid","D1"
"149","Patescibacteria; Parcubacteria; Candidatus Moranbacteria; uncultured soil bacterium","fluid","D1"
"150","Patescibacteria; Parcubacteria; Candidatus Nomurabacteria","fluid","D1"
"151","Patescibacteria; Parcubacteria; Candidatus Nomurabacteria; uncultured bacterium","fluid","D1"
"152","Patescibacteria; Parcubacteria; Candidatus Staskawiczbacteria","fluid","D1"
"153","Patescibacteria; Parcubacteria; Candidatus Yanofskybacteria","fluid","D1"
"154","Patescibacteria; Parcubacteria; Candidatus Yanofskybacteria; uncultured bacterium","fluid","D1"
"155","Patescibacteria; Parcubacteria; Candidatus Zambryskibacteria","fluid","D1"
"156","Patescibacteria; Parcubacteria; CG1-02-42-13; Parcubacteria group bacterium CG1_02_42_13","fluid","D1"
"157","Patescibacteria; Parcubacteria; Paceibacterales; Paceibacteraceae","fluid","D1"
"158","Patescibacteria; Parcubacteria; UBA9983","fluid","D1"
"159","Patescibacteria; Parcubacteria; uncultured bacterium; uncultured bacterium","fluid","D1"
"160","Patescibacteria; Parcubacteria; uncultured organism; uncultured organism","fluid","D1"
"161","Patescibacteria; WWE3","fluid","D1"
"162","PAUC34f","fluid","D1"
"163","Planctomycetes; Brocadiae; Brocadiales; Brocadiaceae","fluid","D1"
"164","Planctomycetes; OM190","fluid","D1"
"165","Planctomycetes; Phycisphaerae; CCM11a","fluid","D1"
"166","Planctomycetes; Phycisphaerae; mle1-8","fluid","D1"
"167","Planctomycetes; Phycisphaerae; MSBL9; SG8-4","fluid","D1"
"168","Planctomycetes; Phycisphaerae; S-70","fluid","D1"
"169","Planctomycetes; Pla4 lineage","fluid","D1"
"170","Planctomycetes; Pla4 lineage; uncultured bacterium; uncultured bacterium","fluid","D1"
"171","Planctomycetes; Planctomycetacia; Pirellulales; Pirellulaceae","only_glass","D1"
"172","Planctomycetes; SPG12-343-353-B69; uncultured bacterium; uncultured bacterium","fluid","D1"
"173","Planctomycetes; vadinHA49; uncultured bacterium; uncultured bacterium","fluid","D1"
"174","Poribacteria","fluid","D1"
"175","Proteobacteria; Alphaproteobacteria","fluid","D1"
"176","Proteobacteria; Alphaproteobacteria; Caulobacterales; Caulobacteraceae","fluid","D1"
"177","Proteobacteria; Alphaproteobacteria; Caulobacterales; Hyphomonadaceae","fluid","D1"
"178","Proteobacteria; Alphaproteobacteria; Reyranellales; Reyranellaceae","fluid","D1"
"179","Proteobacteria; Alphaproteobacteria; Rhizobiales","fluid","D1"
"180","Proteobacteria; Alphaproteobacteria; Rhizobiales; Beijerinckiaceae","fluid","D1"
"181","Proteobacteria; Alphaproteobacteria; Rhizobiales; Hyphomicrobiaceae","fluid","D1"
"182","Proteobacteria; Alphaproteobacteria; Rhizobiales; Rhizobiaceae","fluid","D1"
"183","Proteobacteria; Alphaproteobacteria; Sphingomonadales; Sphingomonadaceae","fluid","D1"
"184","Proteobacteria; Alphaproteobacteria; uncultured","fluid","D1"
"185","Proteobacteria; Deltaproteobacteria","fluid","D1"
"186","Proteobacteria; Deltaproteobacteria; Desulfobacterales; Desulfobacteraceae","fluid","D1"
"187","Proteobacteria; Deltaproteobacteria; Desulfobacterales; Desulfobulbaceae","fluid","D1"
"188","Proteobacteria; Deltaproteobacteria; Desulfovibrionales; Desulfomicrobiaceae","fluid","D1"
"189","Proteobacteria; Deltaproteobacteria; Desulfovibrionales; Desulfovibrionaceae","fluid","D1"
"190","Proteobacteria; Deltaproteobacteria; DTB120","fluid","D1"
"191","Proteobacteria; Deltaproteobacteria; DTB120; uncultured bacterium","fluid","D1"
"192","Proteobacteria; Deltaproteobacteria; Myxococcales; bacteriap25","fluid","D1"
"193","Proteobacteria; Deltaproteobacteria; Myxococcales; Blfdi19","fluid","D1"
"194","Proteobacteria; Deltaproteobacteria; Myxococcales; Haliangiaceae","fluid","D1"
"195","Proteobacteria; Deltaproteobacteria; Myxococcales; mle1-27","fluid","D1"
"196","Proteobacteria; Deltaproteobacteria; Myxococcales; P3OB-42","fluid","D1"
"197","Proteobacteria; Deltaproteobacteria; Myxococcales; UASB-TL25","fluid","D1"
"198","Proteobacteria; Deltaproteobacteria; PB19; uncultured organism","fluid","D1"
"199","Proteobacteria; Deltaproteobacteria; SAR324 clade(Marine group B)","fluid","D1"
"200","Proteobacteria; Deltaproteobacteria; Sva0485; uncultured delta proteobacterium","fluid","D1"
"201","Proteobacteria; Deltaproteobacteria; Syntrophobacterales","fluid","D1"
"202","Proteobacteria; Deltaproteobacteria; Syntrophobacterales; Syntrophaceae","fluid","D1"
"203","Proteobacteria; Deltaproteobacteria; Syntrophobacterales; Syntrophobacteraceae","fluid","D1"
"204","Proteobacteria; Gammaproteobacteria","fluid","D1"
"205","Proteobacteria; Gammaproteobacteria; Acidiferrobacterales; Acidiferrobacteraceae","fluid","D1"
"206","Proteobacteria; Gammaproteobacteria; Betaproteobacteriales","only_glass","D1"
"207","Proteobacteria; Gammaproteobacteria; Betaproteobacteriales; Burkholderiaceae","fluid","D1"
"208","Proteobacteria; Gammaproteobacteria; Betaproteobacteriales; Hydrogenophilaceae","fluid","D1"
"209","Proteobacteria; Gammaproteobacteria; Betaproteobacteriales; Nitrosomonadaceae","fluid","D1"
"210","Proteobacteria; Gammaproteobacteria; Betaproteobacteriales; Rhodocyclaceae","only_glass","D1"
"211","Proteobacteria; Gammaproteobacteria; Betaproteobacteriales; Sulfuricellaceae","biofilm","D1"
"212","Proteobacteria; Gammaproteobacteria; Ectothiorhodospirales; Ectothiorhodospiraceae","mineral","D1"
"213","Proteobacteria; Gammaproteobacteria; Gammaproteobacteria Incertae Sedis; Unknown Family","fluid","D1"
"214","Proteobacteria; Gammaproteobacteria; Legionellales; Legionellaceae","fluid","D1"
"215","Proteobacteria; Gammaproteobacteria; Pseudomonadales; Moraxellaceae","fluid","D1"
"216","Proteobacteria; Gammaproteobacteria; Thiotrichales; Thiotrichaceae","fluid","D1"
"217","Proteobacteria; Gammaproteobacteria; Xanthomonadales; Xanthomonadaceae","fluid","D1"
"218","Rokubacteria; NC10; Methylomirabilales; Methylomirabilaceae","fluid","D1"
"219","Rokubacteria; NC10; Rokubacteriales; uncultured bacterium","fluid","D1"
"220","Schekmanbacteria; uncultured bacterium; uncultured bacterium; uncultured bacterium","fluid","D1"
"221","Spirochaetes; Leptospirae; Leptospirales; Leptospiraceae","fluid","D1"
"222","Spirochaetes; MVP-15; uncultured bacterium; uncultured bacterium","fluid","D1"
"223","Spirochaetes; Spirochaetia; Spirochaetales; Spirochaetaceae","fluid","D1"
"224","Thaumarchaeota; Marine Benthic Group A","fluid","D1"
"225","Thaumarchaeota; Nitrososphaeria; Nitrosopumilales; Nitrosopumilaceae","fluid","D1"
"226","Thaumarchaeota; Nitrososphaeria; Nitrosotaleales; Nitrosotaleaceae","fluid","D1"
"227","Verrucomicrobia; Verrucomicrobiae; Methylacidiphilales; Methylacidiphilaceae","fluid","D1"
"228","Verrucomicrobia; Verrucomicrobiae; Opitutales; Opitutaceae","fluid","D1"
"229","Verrucomicrobia; Verrucomicrobiae; Opitutales; Puniceicoccaceae","fluid","D1"
"230","WOR-1","fluid","D1"
"231","WOR-1; uncultured bacterium; uncultured bacterium; uncultured bacterium","fluid","D1"
"232","WS2; uncultured bacterium; uncultured bacterium; uncultured bacterium","fluid","D1"
"233","Actinobacteria; Coriobacteriia; FS118-23B-02","fluid","D3"
"234","Actinobacteria; Coriobacteriia; OPB41","only_glass","D3"
"235","Actinobacteria; RBG-16-55-12","fluid","D3"
"236","Actinobacteria; RBG-16-55-12; uncultured bacterium; uncultured bacterium","fluid","D3"
"237","Bacteria","fluid","D3"
"238","Bacteroidetes; Bacteroidia; Bacteroidales","only_glass","D3"
"239","Bacteroidetes; Bacteroidia; Bacteroidales; Bacteroidetes vadinHA17","fluid","D3"
"240","Bacteroidetes; Ignavibacteria; Ignavibacteriales","only_glass","D3"
"241","Bacteroidetes; Ignavibacteria; OPB56","fluid","D3"
"242","Chlamydiae; LD1-PA32; uncultured bacterium; uncultured bacterium","fluid","D3"
"243","Chloroflexi; Anaerolineae; Anaerolineales; Anaerolineaceae","only_glass","D3"
"244","Chloroflexi; Anaerolineae; RBG-13-54-9","not_mineral","D3"
"245","Cyanobacteria; Melainabacteria; Gastranaerophilales","fluid","D3"
"246","Dependentiae; Babeliae; Babeliales","not_mineral","D3"
"247","Diapherotrites; Iainarchaeia; Iainarchaeales; uncultured archaeon","fluid","D3"
"248","Elusimicrobia; Elusimicrobia; Lineage IV","fluid","D3"
"249","Epsilonbacteraeota; Campylobacteria; Campylobacterales; Arcobacteraceae","only_glass","D3"
"250","Euryarchaeota; Methanomicrobia; Methanosarcinales; Methanoperedenaceae","fluid","D3"
"251","Euryarchaeota; Thermoplasmata; Marine Group II; uncultured euryarchaeote","fluid","D3"
"252","Gemmatimonadetes; Gemmatimonadetes; Gemmatimonadales; Gemmatimonadaceae","only_glass","D3"
"253","Lentisphaerae; Lentisphaeria; Victivallales","fluid","D3"
"254","Nanoarchaeaeota; Nanohaloarchaeia; Aenigmarchaeales; uncultured archaeon","fluid","D3"
"255","Nitrospirae; 4-29-1","only_glass","D3"
"256","Nitrospirae; Thermodesulfovibrionia; uncultured","fluid","D3"
"257","Omnitrophicaeota; uncultured bacterium; uncultured bacterium; uncultured bacterium","fluid","D3"
"258","Patescibacteria; ABY1; Candidatus Falkowbacteria","fluid","D3"
"259","Patescibacteria; ABY1; Candidatus Magasanikbacteria","fluid","D3"
"260","Patescibacteria; ABY1; Candidatus Uhrbacteria","fluid","D3"
"261","Patescibacteria; ABY1; Candidatus Uhrbacteria; Candidatus Uhrbacteria bacterium GW2011_GWE2_45_35","fluid","D3"
"262","Patescibacteria; ABY1; Candidatus Uhrbacteria; uncultured bacterium","fluid","D3"
"263","Patescibacteria; Gracilibacteria; Candidatus Peregrinibacteria","fluid","D3"
"264","Patescibacteria; Microgenomatia; Candidatus Collierbacteria","fluid","D3"
"265","Planctomycetes; Brocadiae; Brocadiales; Brocadiaceae","fluid","D3"
"266","Planctomycetes; Phycisphaerae; CCM11a","fluid","D3"
"267","Planctomycetes; Phycisphaerae; Phycisphaerales; Phycisphaeraceae","fluid","D3"
"268","Planctomycetes; vadinHA49; uncultured organism; uncultured organism","fluid","D3"
"269","Proteobacteria; Alphaproteobacteria","fluid","D3"
"270","Proteobacteria; Alphaproteobacteria; Paracaedibacterales; Paracaedibacteraceae","only_glass","D3"
"271","Proteobacteria; Deltaproteobacteria","fluid","D3"
"272","Proteobacteria; Deltaproteobacteria; Bdellovibrionales; Bdellovibrionaceae","only_glass","D3"
"273","Proteobacteria; Deltaproteobacteria; Desulfobacterales; Desulfobacteraceae","fluid","D3"
"274","Proteobacteria; Deltaproteobacteria; Desulfobacterales; Desulfobulbaceae","fluid","D3"
"275","Proteobacteria; Deltaproteobacteria; Syntrophobacterales; Syntrophaceae","only_glass","D3"
"276","Proteobacteria; Deltaproteobacteria; Syntrophobacterales; Syntrophobacteraceae","fluid","D3"
"277","Proteobacteria; Gammaproteobacteria","only_glass","D3"
"278","Proteobacteria; Gammaproteobacteria; Betaproteobacteriales; Burkholderiaceae","only_glass","D3"
"279","Proteobacteria; Gammaproteobacteria; Betaproteobacteriales; Gallionellaceae","only_glass","D3"
"280","Proteobacteria; Gammaproteobacteria; Betaproteobacteriales; Hydrogenophilaceae","fluid","D3"
"281","Proteobacteria; Gammaproteobacteria; Cellvibrionales; Porticoccaceae","fluid","D3"
"282","Proteobacteria; Gammaproteobacteria; Pseudomonadales; Moraxellaceae","only_glass","D3"
"283","WOR-1","fluid","D3"
"284","WOR-1; uncultured bacterium; uncultured bacterium; uncultured bacterium","fluid","D3"
"285","WPS-2; uncultured bacterium; uncultured bacterium; uncultured bacterium","fluid","D3"
"286","Zixibacteria","only_glass","D3"
"287","Actinobacteria; Coriobacteriia","mineral","D6"
"288","Actinobacteria; MB-A2-108","mineral","D6"
"289","Actinobacteria; Thermoleophilia; Gaiellales; uncultured","mineral","D6"
"290","Armatimonadetes; uncultured","only_glass","D6"
"291","Bacteroidetes; Ignavibacteria; Ignavibacteriales","not_glass","D6"
"292","Chlamydiae; LD1-PA32","mineral","D6"
"293","Chloroflexi; Anaerolineae","only_glass","D6"
"294","Chloroflexi; Anaerolineae; SBR1031","only_glass","D6"
"295","Epsilonbacteraeota; Campylobacteria; Campylobacterales; Arcobacteraceae","only_glass","D6"
"296","Epsilonbacteraeota; Campylobacteria; Campylobacterales; Sulfurovaceae","mineral","D6"
"297","Euryarchaeota; Methanomicrobia; Methanosarcinales; Methanosarcinaceae","only_glass","D6"
"298","Firmicutes; Clostridia","fluid","D6"
"299","Firmicutes; Clostridia; Clostridiales; Peptococcaceae","only_glass","D6"
"300","Firmicutes; Clostridia; Clostridiales; Syntrophomonadaceae","only_glass","D6"
"301","Firmicutes; Clostridia; D8A-2; uncultured bacterium","fluid","D6"
"302","Latescibacteria","mineral","D6"
"303","Latescibacteria; Latescibacteria; Latescibacterales; Latescibacteraceae","mineral","D6"
"304","Nitrospirae; Thermodesulfovibrionia; uncultured","mineral","D6"
"305","Planctomycetes; Phycisphaerae; Phycisphaerales; AKAU3564 sediment group","mineral","D6"
"306","Proteobacteria; Alphaproteobacteria; Caulobacterales; Caulobacteraceae","only_glass","D6"
"307","Proteobacteria; Alphaproteobacteria; Caulobacterales; Hyphomonadaceae","only_glass","D6"
"308","Proteobacteria; Alphaproteobacteria; Parvibaculales; Parvibaculaceae","only_glass","D6"
"309","Proteobacteria; Alphaproteobacteria; Rhizobiales; Rhizobiaceae","only_glass","D6"
"310","Proteobacteria; Alphaproteobacteria; Rickettsiales; Mitochondria","mineral","D6"
"311","Proteobacteria; Alphaproteobacteria; Sphingomonadales; Sphingomonadaceae","biofilm","D6"
"312","Proteobacteria; Deltaproteobacteria; Desulfarculales; Desulfarculaceae","fluid","D6"
"313","Proteobacteria; Deltaproteobacteria; Desulfobacterales; Desulfobulbaceae","mineral","D6"
"314","Proteobacteria; Deltaproteobacteria; Desulfovibrionales; Desulfovibrionaceae","only_glass","D6"
"315","Proteobacteria; Gammaproteobacteria; Betaproteobacteriales; Hydrogenophilaceae","only_glass","D6"
"316","Proteobacteria; Gammaproteobacteria; Enterobacteriales; Enterobacteriaceae","mineral","D6"
"317","Proteobacteria; Gammaproteobacteria; Pseudomonadales; Moraxellaceae","only_glass","D6"
"318","Proteobacteria; Gammaproteobacteria; Salinisphaerales; Solimonadaceae","only_glass","D6"
"319","Proteobacteria; Gammaproteobacteria; Thiotrichales; Thiotrichaceae","mineral","D6"
"320","Unassigned","not_glass","D6"
